dataset_id,track,heldout_batch,split_id,split_seed,model_seed,anchor_seed,method,seed,macro_f1,balanced_accuracy,n_reference,n_query
pancreas,core,,random_seed_40,40.0,40.0,0.0,solar_none,40.0,0.8841844682884011,0.8838416703531414,13104,3278
pancreas,core,,random_seed_41,41.0,41.0,0.0,solar_none,41.0,0.8702461752486864,0.8840306960253015,13104,3278
pancreas,core,,random_seed_42,42.0,42.0,0.0,solar_none,42.0,0.8549179696237149,0.8490154964838725,13104,3278
pancreas,core,,random_seed_43,43.0,43.0,0.0,solar_none,43.0,0.8607695356394425,0.864986044714905,13104,3278
pancreas,core,,random_seed_44,44.0,44.0,0.0,solar_none,44.0,0.8902937759012375,0.8904756408920136,13104,3278
immune_cell_human,core,,random_seed_40,40.0,40.0,0.0,solar_none,40.0,0.9360886401592869,0.9331086930958876,26809,6697
immune_cell_human,core,,random_seed_41,41.0,41.0,0.0,solar_none,41.0,0.9401720422596436,0.9365930915013134,26809,6697
immune_cell_human,core,,random_seed_42,42.0,42.0,0.0,solar_none,42.0,0.9380093033575869,0.9326288844989213,26809,6697
immune_cell_human,core,,random_seed_43,43.0,43.0,0.0,solar_none,43.0,0.9514026411685296,0.9509135493423151,26809,6697
immune_cell_human,core,,random_seed_44,44.0,44.0,0.0,solar_none,44.0,0.9360354184392473,0.935419974983809,26809,6697
lung_atlas,core,,random_seed_40,40.0,40.0,0.0,solar_none,40.0,0.954914928309263,0.9492650486980437,25975,6497
lung_atlas,core,,random_seed_41,41.0,41.0,0.0,solar_none,41.0,0.9560048901705043,0.9526245468145887,25975,6497
lung_atlas,core,,random_seed_42,42.0,42.0,0.0,solar_none,42.0,0.9557369147655379,0.9581148794695712,25975,6497
lung_atlas,core,,random_seed_43,43.0,43.0,0.0,solar_none,43.0,0.9530081483542138,0.9540028978616758,25975,6497
lung_atlas,core,,random_seed_44,44.0,44.0,0.0,solar_none,44.0,0.9477230397902017,0.94209731131668,25975,6497
simulation_1,core,,random_seed_40,40.0,40.0,0.0,solar_none,40.0,0.9980679958980139,0.9964285714285713,9677,2420
simulation_1,core,,random_seed_41,41.0,41.0,0.0,solar_none,41.0,1.0,1.0,9677,2420
simulation_1,core,,random_seed_42,42.0,42.0,0.0,solar_none,42.0,1.0,1.0,9677,2420
simulation_1,core,,random_seed_43,43.0,43.0,0.0,solar_none,43.0,1.0,1.0,9677,2420
simulation_1,core,,random_seed_44,44.0,44.0,0.0,solar_none,44.0,0.9980679958980139,0.9964285714285713,9677,2420
simulation_2,core,,random_seed_40,40.0,40.0,0.0,solar_none,40.0,1.0,1.0,15455,3863
simulation_2,core,,random_seed_41,41.0,41.0,0.0,solar_none,41.0,1.0,1.0,15455,3863
simulation_2,core,,random_seed_42,42.0,42.0,0.0,solar_none,42.0,1.0,1.0,15455,3863
simulation_2,core,,random_seed_43,43.0,43.0,0.0,solar_none,43.0,1.0,1.0,15455,3863
simulation_2,core,,random_seed_44,44.0,44.0,0.0,solar_none,44.0,1.0,1.0,15455,3863
pancreas,heldout,fluidigmc1,heldout_fluidigmc1,,40.0,0.0,solar_none,40.0,0.8976510895254031,0.8717931835174221,15744,638
pancreas,heldout,fluidigmc1,heldout_fluidigmc1,,41.0,0.0,solar_none,41.0,0.8871777148913655,0.8574701215880549,15744,638
pancreas,heldout,fluidigmc1,heldout_fluidigmc1,,42.0,0.0,solar_none,42.0,0.8639898006041865,0.8593542335784723,15744,638
pancreas,heldout,fluidigmc1,heldout_fluidigmc1,,43.0,0.0,solar_none,43.0,0.7835596134432833,0.7706569347748681,15744,638
pancreas,heldout,fluidigmc1,heldout_fluidigmc1,,44.0,0.0,solar_none,44.0,0.8153437665660151,0.7915123532365917,15744,638
pancreas,heldout,inDrop2,heldout_inDrop2,,40.0,0.0,solar_none,40.0,0.8248414083637348,0.8605517542724112,14658,1724
pancreas,heldout,inDrop2,heldout_inDrop2,,41.0,0.0,solar_none,41.0,0.7798996157008552,0.7984223527023931,14658,1724
pancreas,heldout,inDrop2,heldout_inDrop2,,42.0,0.0,solar_none,42.0,0.8117323432700978,0.8229437891839625,14658,1724
pancreas,heldout,inDrop2,heldout_inDrop2,,43.0,0.0,solar_none,43.0,0.8056297755581291,0.8337009956030652,14658,1724
pancreas,heldout,inDrop2,heldout_inDrop2,,44.0,0.0,solar_none,44.0,0.8144407070304049,0.8458300731870368,14658,1724
pancreas,heldout,inDrop3,heldout_inDrop3,,40.0,0.0,solar_none,40.0,0.8305766378599438,0.852931340733732,12777,3605
pancreas,heldout,inDrop3,heldout_inDrop3,,41.0,0.0,solar_none,41.0,0.8209765040828507,0.8448738955541291,12777,3605
pancreas,heldout,inDrop3,heldout_inDrop3,,42.0,0.0,solar_none,42.0,0.8319324235468609,0.8531702289033688,12777,3605
pancreas,heldout,inDrop3,heldout_inDrop3,,43.0,0.0,solar_none,43.0,0.7820028756856857,0.7827721392395367,12777,3605
pancreas,heldout,inDrop3,heldout_inDrop3,,44.0,0.0,solar_none,44.0,0.8297595301966071,0.8513761901841504,12777,3605
immune_cell_human,heldout,10X,heldout_10X,,40.0,0.0,solar_none,40.0,0.8248313645970469,0.8864270268969938,22779,10727
immune_cell_human,heldout,10X,heldout_10X,,41.0,0.0,solar_none,41.0,0.8357362773898943,0.8974688984430603,22779,10727
immune_cell_human,heldout,10X,heldout_10X,,42.0,0.0,solar_none,42.0,0.8246780758685431,0.8854059225534424,22779,10727
immune_cell_human,heldout,10X,heldout_10X,,43.0,0.0,solar_none,43.0,0.83380842196338,0.8961927012631121,22779,10727
immune_cell_human,heldout,10X,heldout_10X,,44.0,0.0,solar_none,44.0,0.8282738385600854,0.8931675556444402,22779,10727
immune_cell_human,heldout,Oetjen_A,heldout_Oetjen_A,,40.0,0.0,solar_none,40.0,0.8488344147160943,0.8728620005638719,30920,2586
immune_cell_human,heldout,Oetjen_A,heldout_Oetjen_A,,41.0,0.0,solar_none,41.0,0.8493766679772302,0.8722288261064268,30920,2586
immune_cell_human,heldout,Oetjen_A,heldout_Oetjen_A,,42.0,0.0,solar_none,42.0,0.8499567320988808,0.8799545583495831,30920,2586
immune_cell_human,heldout,Oetjen_A,heldout_Oetjen_A,,43.0,0.0,solar_none,43.0,0.8506084045596368,0.8711872205643991,30920,2586
immune_cell_human,heldout,Oetjen_A,heldout_Oetjen_A,,44.0,0.0,solar_none,44.0,0.8473800832932386,0.8728117677832471,30920,2586
immune_cell_human,heldout,Villani,heldout_Villani,,40.0,0.0,solar_none,40.0,0.5154336696920803,0.6154150485509793,32484,1022
immune_cell_human,heldout,Villani,heldout_Villani,,41.0,0.0,solar_none,41.0,0.5368238872082476,0.6326881519391858,32484,1022
immune_cell_human,heldout,Villani,heldout_Villani,,42.0,0.0,solar_none,42.0,0.5535863204910035,0.6413600881816734,32484,1022
immune_cell_human,heldout,Villani,heldout_Villani,,43.0,0.0,solar_none,43.0,0.4882698347817144,0.5960563101624594,32484,1022
immune_cell_human,heldout,Villani,heldout_Villani,,44.0,0.0,solar_none,44.0,0.5241219483254724,0.6203518854607784,32484,1022
lung_atlas,heldout,3,heldout_3,,40.0,0.0,solar_none,40.0,0.7373550627843156,0.8964949900785253,32010,462
lung_atlas,heldout,3,heldout_3,,41.0,0.0,solar_none,41.0,0.7426564477539411,0.8953282996261205,32010,462
lung_atlas,heldout,3,heldout_3,,42.0,0.0,solar_none,42.0,0.7335096424285473,0.8816063073326996,32010,462
lung_atlas,heldout,3,heldout_3,,43.0,0.0,solar_none,43.0,0.7929843085914137,0.8836156075562854,32010,462
lung_atlas,heldout,3,heldout_3,,44.0,0.0,solar_none,44.0,0.7386004163862799,0.8886564000970782,32010,462
lung_atlas,heldout,B1,heldout_B1,,40.0,0.0,solar_none,40.0,0.8038588059933667,0.8781706900635917,30332,2140
lung_atlas,heldout,B1,heldout_B1,,41.0,0.0,solar_none,41.0,0.8851444397563086,0.8943732585325452,30332,2140
lung_atlas,heldout,B1,heldout_B1,,42.0,0.0,solar_none,42.0,0.8111373655999472,0.8918121317326431,30332,2140
lung_atlas,heldout,B1,heldout_B1,,43.0,0.0,solar_none,43.0,0.7830923882298513,0.8464697191357431,30332,2140
lung_atlas,heldout,B1,heldout_B1,,44.0,0.0,solar_none,44.0,0.8089408317600869,0.8794468988589909,30332,2140
lung_atlas,heldout,4,heldout_4,,40.0,0.0,solar_none,40.0,0.7742818287661156,0.8644856062607068,28709,3763
lung_atlas,heldout,4,heldout_4,,41.0,0.0,solar_none,41.0,0.7745037665674839,0.8658161435813972,28709,3763
lung_atlas,heldout,4,heldout_4,,42.0,0.0,solar_none,42.0,0.6744623872576836,0.8395545948335248,28709,3763
lung_atlas,heldout,4,heldout_4,,43.0,0.0,solar_none,43.0,0.6649245993732495,0.8511752991028217,28709,3763
lung_atlas,heldout,4,heldout_4,,44.0,0.0,solar_none,44.0,0.7502297195140321,0.8535674808048351,28709,3763
simulation_1,heldout,Batch6,heldout_Batch6,,40.0,0.0,solar_none,40.0,1.0,1.0,11140,957
simulation_1,heldout,Batch6,heldout_Batch6,,41.0,0.0,solar_none,41.0,1.0,1.0,11140,957
simulation_1,heldout,Batch6,heldout_Batch6,,42.0,0.0,solar_none,42.0,1.0,1.0,11140,957
simulation_1,heldout,Batch6,heldout_Batch6,,43.0,0.0,solar_none,43.0,1.0,1.0,11140,957
simulation_1,heldout,Batch6,heldout_Batch6,,44.0,0.0,solar_none,44.0,1.0,1.0,11140,957
simulation_1,heldout,Batch3,heldout_Batch3,,40.0,0.0,solar_none,40.0,1.0,1.0,9977,2120
simulation_1,heldout,Batch3,heldout_Batch3,,41.0,0.0,solar_none,41.0,1.0,1.0,9977,2120
simulation_1,heldout,Batch3,heldout_Batch3,,42.0,0.0,solar_none,42.0,1.0,1.0,9977,2120
simulation_1,heldout,Batch3,heldout_Batch3,,43.0,0.0,solar_none,43.0,1.0,1.0,9977,2120
simulation_1,heldout,Batch3,heldout_Batch3,,44.0,0.0,solar_none,44.0,1.0,1.0,9977,2120
simulation_1,heldout,Batch1,heldout_Batch1,,40.0,0.0,solar_none,40.0,1.0,1.0,9189,2908
simulation_1,heldout,Batch1,heldout_Batch1,,41.0,0.0,solar_none,41.0,1.0,1.0,9189,2908
simulation_1,heldout,Batch1,heldout_Batch1,,42.0,0.0,solar_none,42.0,1.0,1.0,9189,2908
simulation_1,heldout,Batch1,heldout_Batch1,,43.0,0.0,solar_none,43.0,1.0,1.0,9189,2908
simulation_1,heldout,Batch1,heldout_Batch1,,44.0,0.0,solar_none,44.0,1.0,1.0,9189,2908
simulation_2,heldout,Batch3Sub4,heldout_Batch3Sub4,,40.0,0.0,solar_none,40.0,1.0,1.0,18833,485
simulation_2,heldout,Batch3Sub4,heldout_Batch3Sub4,,41.0,0.0,solar_none,41.0,1.0,1.0,18833,485
simulation_2,heldout,Batch3Sub4,heldout_Batch3Sub4,,42.0,0.0,solar_none,42.0,1.0,1.0,18833,485
simulation_2,heldout,Batch3Sub4,heldout_Batch3Sub4,,43.0,0.0,solar_none,43.0,1.0,1.0,18833,485
simulation_2,heldout,Batch3Sub4,heldout_Batch3Sub4,,44.0,0.0,solar_none,44.0,1.0,1.0,18833,485
simulation_2,heldout,Batch1Sub3,heldout_Batch1Sub3,,40.0,0.0,solar_none,40.0,1.0,1.0,18108,1210
simulation_2,heldout,Batch1Sub3,heldout_Batch1Sub3,,41.0,0.0,solar_none,41.0,1.0,1.0,18108,1210
simulation_2,heldout,Batch1Sub3,heldout_Batch1Sub3,,42.0,0.0,solar_none,42.0,1.0,1.0,18108,1210
simulation_2,heldout,Batch1Sub3,heldout_Batch1Sub3,,43.0,0.0,solar_none,43.0,1.0,1.0,18108,1210
simulation_2,heldout,Batch1Sub3,heldout_Batch1Sub3,,44.0,0.0,solar_none,44.0,1.0,1.0,18108,1210
simulation_2,heldout,Batch3Sub1,heldout_Batch3Sub1,,40.0,0.0,solar_none,40.0,1.0,1.0,17388,1930
simulation_2,heldout,Batch3Sub1,heldout_Batch3Sub1,,41.0,0.0,solar_none,41.0,1.0,1.0,17388,1930
simulation_2,heldout,Batch3Sub1,heldout_Batch3Sub1,,42.0,0.0,solar_none,42.0,1.0,1.0,17388,1930
simulation_2,heldout,Batch3Sub1,heldout_Batch3Sub1,,43.0,0.0,solar_none,43.0,1.0,1.0,17388,1930
simulation_2,heldout,Batch3Sub1,heldout_Batch3Sub1,,44.0,0.0,solar_none,44.0,1.0,1.0,17388,1930
pancreas,core,,random_seed_40,40.0,40.0,0.0,solar_orthogonal,40.0,0.8830539030564399,0.8829776750267108,13104,3278
pancreas,core,,random_seed_41,41.0,41.0,0.0,solar_orthogonal,41.0,0.8701598106512457,0.8798933913718832,13104,3278
pancreas,core,,random_seed_42,42.0,42.0,0.0,solar_orthogonal,42.0,0.878530596385315,0.8738090291059631,13104,3278
pancreas,core,,random_seed_43,43.0,43.0,0.0,solar_orthogonal,43.0,0.8636277678336681,0.864221453163999,13104,3278
pancreas,core,,random_seed_44,44.0,44.0,0.0,solar_orthogonal,44.0,0.8893943242727343,0.8888065716961455,13104,3278
immune_cell_human,core,,random_seed_40,40.0,40.0,0.0,solar_orthogonal,40.0,0.9390935297332937,0.9351348379876386,26809,6697
immune_cell_human,core,,random_seed_41,41.0,41.0,0.0,solar_orthogonal,41.0,0.9349525090773826,0.9302794169877029,26809,6697
immune_cell_human,core,,random_seed_42,42.0,42.0,0.0,solar_orthogonal,42.0,0.9421396483140048,0.9364530260819589,26809,6697
immune_cell_human,core,,random_seed_43,43.0,43.0,0.0,solar_orthogonal,43.0,0.9505020582323143,0.9471871873453896,26809,6697
immune_cell_human,core,,random_seed_44,44.0,44.0,0.0,solar_orthogonal,44.0,0.9329645627919987,0.9328509812200301,26809,6697
lung_atlas,core,,random_seed_40,40.0,40.0,0.0,solar_orthogonal,40.0,0.9540137850464234,0.9481971742786496,25975,6497
lung_atlas,core,,random_seed_41,41.0,41.0,0.0,solar_orthogonal,41.0,0.9566856592243269,0.9529398013619561,25975,6497
lung_atlas,core,,random_seed_42,42.0,42.0,0.0,solar_orthogonal,42.0,0.9560947698044555,0.9567271971897476,25975,6497
lung_atlas,core,,random_seed_43,43.0,43.0,0.0,solar_orthogonal,43.0,0.9525819280218403,0.9483201883876979,25975,6497
lung_atlas,core,,random_seed_44,44.0,44.0,0.0,solar_orthogonal,44.0,0.948605688855542,0.9437087843194769,25975,6497
simulation_1,core,,random_seed_40,40.0,40.0,0.0,solar_orthogonal,40.0,0.9980679958980139,0.9964285714285713,9677,2420
simulation_1,core,,random_seed_41,41.0,41.0,0.0,solar_orthogonal,41.0,1.0,1.0,9677,2420
simulation_1,core,,random_seed_42,42.0,42.0,0.0,solar_orthogonal,42.0,1.0,1.0,9677,2420
simulation_1,core,,random_seed_43,43.0,43.0,0.0,solar_orthogonal,43.0,1.0,1.0,9677,2420
simulation_1,core,,random_seed_44,44.0,44.0,0.0,solar_orthogonal,44.0,0.9980679958980139,0.9964285714285713,9677,2420
simulation_2,core,,random_seed_40,40.0,40.0,0.0,solar_orthogonal,40.0,1.0,1.0,15455,3863
simulation_2,core,,random_seed_41,41.0,41.0,0.0,solar_orthogonal,41.0,1.0,1.0,15455,3863
simulation_2,core,,random_seed_42,42.0,42.0,0.0,solar_orthogonal,42.0,1.0,1.0,15455,3863
simulation_2,core,,random_seed_43,43.0,43.0,0.0,solar_orthogonal,43.0,1.0,1.0,15455,3863
simulation_2,core,,random_seed_44,44.0,44.0,0.0,solar_orthogonal,44.0,1.0,1.0,15455,3863
pancreas,heldout,fluidigmc1,heldout_fluidigmc1,,40.0,0.0,solar_orthogonal,40.0,0.8704377292501972,0.8669854912097298,15744,638
pancreas,heldout,fluidigmc1,heldout_fluidigmc1,,41.0,0.0,solar_orthogonal,41.0,0.8913591695066161,0.8611260264067504,15744,638
pancreas,heldout,fluidigmc1,heldout_fluidigmc1,,42.0,0.0,solar_orthogonal,42.0,0.8910856824024763,0.8641619258861646,15744,638
pancreas,heldout,fluidigmc1,heldout_fluidigmc1,,43.0,0.0,solar_orthogonal,43.0,0.8894329481229124,0.8626427732042211,15744,638
pancreas,heldout,fluidigmc1,heldout_fluidigmc1,,44.0,0.0,solar_orthogonal,44.0,0.78593197107903,0.7718542335784723,15744,638
pancreas,heldout,inDrop2,heldout_inDrop2,,40.0,0.0,solar_orthogonal,40.0,0.8183567466337706,0.8463494560169568,14658,1724
pancreas,heldout,inDrop2,heldout_inDrop2,,41.0,0.0,solar_orthogonal,41.0,0.7830067656674561,0.8019064101731617,14658,1724
pancreas,heldout,inDrop2,heldout_inDrop2,,42.0,0.0,solar_orthogonal,42.0,0.8161941717516514,0.8265594873115443,14658,1724
pancreas,heldout,inDrop2,heldout_inDrop2,,43.0,0.0,solar_orthogonal,43.0,0.8425140516923602,0.882150608006166,14658,1724
pancreas,heldout,inDrop2,heldout_inDrop2,,44.0,0.0,solar_orthogonal,44.0,0.8018820914199846,0.8337327814401494,14658,1724
pancreas,heldout,inDrop3,heldout_inDrop3,,40.0,0.0,solar_orthogonal,40.0,0.8542634233181231,0.854480569980311,12777,3605
pancreas,heldout,inDrop3,heldout_inDrop3,,41.0,0.0,solar_orthogonal,41.0,0.8282613149047496,0.8535894616540368,12777,3605
pancreas,heldout,inDrop3,heldout_inDrop3,,42.0,0.0,solar_orthogonal,42.0,0.7805573969714141,0.7803114849587415,12777,3605
pancreas,heldout,inDrop3,heldout_inDrop3,,43.0,0.0,solar_orthogonal,43.0,0.7809482363409453,0.7827920590545078,12777,3605
pancreas,heldout,inDrop3,heldout_inDrop3,,44.0,0.0,solar_orthogonal,44.0,0.8412327072123064,0.8634801945650272,12777,3605
immune_cell_human,heldout,10X,heldout_10X,,40.0,0.0,solar_orthogonal,40.0,0.9070994420901676,0.894437529923457,22779,10727
immune_cell_human,heldout,10X,heldout_10X,,41.0,0.0,solar_orthogonal,41.0,0.9107928310473016,0.8941091769190767,22779,10727
immune_cell_human,heldout,10X,heldout_10X,,42.0,0.0,solar_orthogonal,42.0,0.8311202166696797,0.8955431760693561,22779,10727
immune_cell_human,heldout,10X,heldout_10X,,43.0,0.0,solar_orthogonal,43.0,0.9042600383356058,0.8928339107447854,22779,10727
immune_cell_human,heldout,10X,heldout_10X,,44.0,0.0,solar_orthogonal,44.0,0.901108530407639,0.8905903429903196,22779,10727
immune_cell_human,heldout,Oetjen_A,heldout_Oetjen_A,,40.0,0.0,solar_orthogonal,40.0,0.85252976122502,0.8761896287396325,30920,2586
immune_cell_human,heldout,Oetjen_A,heldout_Oetjen_A,,41.0,0.0,solar_orthogonal,41.0,0.8540778701094758,0.8742119499524417,30920,2586
immune_cell_human,heldout,Oetjen_A,heldout_Oetjen_A,,42.0,0.0,solar_orthogonal,42.0,0.8486921657839562,0.8801828290804614,30920,2586
immune_cell_human,heldout,Oetjen_A,heldout_Oetjen_A,,43.0,0.0,solar_orthogonal,43.0,0.8549082819848276,0.8797831422399257,30920,2586
immune_cell_human,heldout,Oetjen_A,heldout_Oetjen_A,,44.0,0.0,solar_orthogonal,44.0,0.8488261135050441,0.8707140939071527,30920,2586
immune_cell_human,heldout,Villani,heldout_Villani,,40.0,0.0,solar_orthogonal,40.0,0.5530444810723792,0.6395854169857846,32484,1022
immune_cell_human,heldout,Villani,heldout_Villani,,41.0,0.0,solar_orthogonal,41.0,0.5568338231058055,0.643700912151711,32484,1022
immune_cell_human,heldout,Villani,heldout_Villani,,42.0,0.0,solar_orthogonal,42.0,0.5710875311870925,0.6507723780518938,32484,1022
immune_cell_human,heldout,Villani,heldout_Villani,,43.0,0.0,solar_orthogonal,43.0,0.5258126689481388,0.6228566912650286,32484,1022
immune_cell_human,heldout,Villani,heldout_Villani,,44.0,0.0,solar_orthogonal,44.0,0.5362355667049103,0.6265850097530874,32484,1022
lung_atlas,heldout,3,heldout_3,,40.0,0.0,solar_orthogonal,40.0,0.7288426200613466,0.8839949900785253,32010,462
lung_atlas,heldout,3,heldout_3,,41.0,0.0,solar_orthogonal,41.0,0.741853032608821,0.8997577986984767,32010,462
lung_atlas,heldout,3,heldout_3,,42.0,0.0,solar_orthogonal,42.0,0.7399609558974046,0.8892986150250074,32010,462
lung_atlas,heldout,3,heldout_3,,43.0,0.0,solar_orthogonal,43.0,0.7433886653091464,0.8944845005680356,32010,462
lung_atlas,heldout,3,heldout_3,,44.0,0.0,solar_orthogonal,44.0,0.7369307762231396,0.8991155837705473,32010,462
lung_atlas,heldout,B1,heldout_B1,,40.0,0.0,solar_orthogonal,40.0,0.8010797212172491,0.8772181181036017,30332,2140
lung_atlas,heldout,B1,heldout_B1,,41.0,0.0,solar_orthogonal,41.0,0.7944499713001406,0.8635635623430126,30332,2140
lung_atlas,heldout,B1,heldout_B1,,42.0,0.0,solar_orthogonal,42.0,0.8234962540208173,0.9114507980967542,30332,2140
lung_atlas,heldout,B1,heldout_B1,,43.0,0.0,solar_orthogonal,43.0,0.8878659616541345,0.8910659083196645,30332,2140
lung_atlas,heldout,B1,heldout_B1,,44.0,0.0,solar_orthogonal,44.0,0.7948866064665133,0.8618997962774969,30332,2140
lung_atlas,heldout,4,heldout_4,,40.0,0.0,solar_orthogonal,40.0,0.7599163293106046,0.8462233889011154,28709,3763
lung_atlas,heldout,4,heldout_4,,41.0,0.0,solar_orthogonal,41.0,0.7767991658412949,0.8656793820934324,28709,3763
lung_atlas,heldout,4,heldout_4,,42.0,0.0,solar_orthogonal,42.0,0.7140407214030434,0.8132547528690219,28709,3763
lung_atlas,heldout,4,heldout_4,,43.0,0.0,solar_orthogonal,43.0,0.7649406614161803,0.8642406512400407,28709,3763
lung_atlas,heldout,4,heldout_4,,44.0,0.0,solar_orthogonal,44.0,0.7523744252243266,0.8551174443351051,28709,3763
simulation_1,heldout,Batch6,heldout_Batch6,,40.0,0.0,solar_orthogonal,40.0,1.0,1.0,11140,957
simulation_1,heldout,Batch6,heldout_Batch6,,41.0,0.0,solar_orthogonal,41.0,1.0,1.0,11140,957
simulation_1,heldout,Batch6,heldout_Batch6,,42.0,0.0,solar_orthogonal,42.0,1.0,1.0,11140,957
simulation_1,heldout,Batch6,heldout_Batch6,,43.0,0.0,solar_orthogonal,43.0,1.0,1.0,11140,957
simulation_1,heldout,Batch6,heldout_Batch6,,44.0,0.0,solar_orthogonal,44.0,1.0,1.0,11140,957
simulation_1,heldout,Batch3,heldout_Batch3,,40.0,0.0,solar_orthogonal,40.0,1.0,1.0,9977,2120
simulation_1,heldout,Batch3,heldout_Batch3,,41.0,0.0,solar_orthogonal,41.0,1.0,1.0,9977,2120
simulation_1,heldout,Batch3,heldout_Batch3,,42.0,0.0,solar_orthogonal,42.0,1.0,1.0,9977,2120
simulation_1,heldout,Batch3,heldout_Batch3,,43.0,0.0,solar_orthogonal,43.0,1.0,1.0,9977,2120
simulation_1,heldout,Batch3,heldout_Batch3,,44.0,0.0,solar_orthogonal,44.0,1.0,1.0,9977,2120
simulation_1,heldout,Batch1,heldout_Batch1,,40.0,0.0,solar_orthogonal,40.0,1.0,1.0,9189,2908
simulation_1,heldout,Batch1,heldout_Batch1,,41.0,0.0,solar_orthogonal,41.0,1.0,1.0,9189,2908
simulation_1,heldout,Batch1,heldout_Batch1,,42.0,0.0,solar_orthogonal,42.0,1.0,1.0,9189,2908
simulation_1,heldout,Batch1,heldout_Batch1,,43.0,0.0,solar_orthogonal,43.0,1.0,1.0,9189,2908
simulation_1,heldout,Batch1,heldout_Batch1,,44.0,0.0,solar_orthogonal,44.0,1.0,1.0,9189,2908
simulation_2,heldout,Batch3Sub4,heldout_Batch3Sub4,,40.0,0.0,solar_orthogonal,40.0,1.0,1.0,18833,485
simulation_2,heldout,Batch3Sub4,heldout_Batch3Sub4,,41.0,0.0,solar_orthogonal,41.0,1.0,1.0,18833,485
simulation_2,heldout,Batch3Sub4,heldout_Batch3Sub4,,42.0,0.0,solar_orthogonal,42.0,1.0,1.0,18833,485
simulation_2,heldout,Batch3Sub4,heldout_Batch3Sub4,,43.0,0.0,solar_orthogonal,43.0,1.0,1.0,18833,485
simulation_2,heldout,Batch3Sub4,heldout_Batch3Sub4,,44.0,0.0,solar_orthogonal,44.0,1.0,1.0,18833,485
simulation_2,heldout,Batch1Sub3,heldout_Batch1Sub3,,40.0,0.0,solar_orthogonal,40.0,1.0,1.0,18108,1210
simulation_2,heldout,Batch1Sub3,heldout_Batch1Sub3,,41.0,0.0,solar_orthogonal,41.0,1.0,1.0,18108,1210
simulation_2,heldout,Batch1Sub3,heldout_Batch1Sub3,,42.0,0.0,solar_orthogonal,42.0,1.0,1.0,18108,1210
simulation_2,heldout,Batch1Sub3,heldout_Batch1Sub3,,43.0,0.0,solar_orthogonal,43.0,1.0,1.0,18108,1210
simulation_2,heldout,Batch1Sub3,heldout_Batch1Sub3,,44.0,0.0,solar_orthogonal,44.0,1.0,1.0,18108,1210
simulation_2,heldout,Batch3Sub1,heldout_Batch3Sub1,,40.0,0.0,solar_orthogonal,40.0,1.0,1.0,17388,1930
simulation_2,heldout,Batch3Sub1,heldout_Batch3Sub1,,41.0,0.0,solar_orthogonal,41.0,1.0,1.0,17388,1930
simulation_2,heldout,Batch3Sub1,heldout_Batch3Sub1,,42.0,0.0,solar_orthogonal,42.0,1.0,1.0,17388,1930
simulation_2,heldout,Batch3Sub1,heldout_Batch3Sub1,,43.0,0.0,solar_orthogonal,43.0,1.0,1.0,17388,1930
simulation_2,heldout,Batch3Sub1,heldout_Batch3Sub1,,44.0,0.0,solar_orthogonal,44.0,1.0,1.0,17388,1930
pancreas,core,,random_seed_40,40.0,40.0,0.0,solar_orthogonal_uniq,40.0,0.8837924053889598,0.8833362571323543,13104,3278
pancreas,core,,random_seed_41,41.0,41.0,0.0,solar_orthogonal_uniq,41.0,0.8801774279782739,0.8941838513216425,13104,3278
pancreas,core,,random_seed_42,42.0,42.0,0.0,solar_orthogonal_uniq,42.0,0.8841868032519932,0.8787780134694932,13104,3278
pancreas,core,,random_seed_43,43.0,43.0,0.0,solar_orthogonal_uniq,43.0,0.8639970839791042,0.8648191555293243,13104,3278
pancreas,core,,random_seed_44,44.0,44.0,0.0,solar_orthogonal_uniq,44.0,0.8905714899532056,0.8904548864573917,13104,3278
immune_cell_human,core,,random_seed_40,40.0,40.0,0.0,solar_orthogonal_uniq,40.0,0.939416743171477,0.9360639264032281,26809,6697
immune_cell_human,core,,random_seed_41,41.0,41.0,0.0,solar_orthogonal_uniq,41.0,0.9419379765472407,0.9374158088817036,26809,6697
immune_cell_human,core,,random_seed_42,42.0,42.0,0.0,solar_orthogonal_uniq,42.0,0.9402596884890211,0.9334465062737157,26809,6697
immune_cell_human,core,,random_seed_43,43.0,43.0,0.0,solar_orthogonal_uniq,43.0,0.9505495550719109,0.9480357509361258,26809,6697
immune_cell_human,core,,random_seed_44,44.0,44.0,0.0,solar_orthogonal_uniq,44.0,0.9379741034512035,0.9371982289588361,26809,6697
lung_atlas,core,,random_seed_40,40.0,40.0,0.0,solar_orthogonal_uniq,40.0,0.9552596611007478,0.9502498500225997,25975,6497
lung_atlas,core,,random_seed_41,41.0,41.0,0.0,solar_orthogonal_uniq,41.0,0.9562137140314287,0.9532714916570931,25975,6497
lung_atlas,core,,random_seed_42,42.0,42.0,0.0,solar_orthogonal_uniq,42.0,0.9548883220198301,0.956432749552986,25975,6497
lung_atlas,core,,random_seed_43,43.0,43.0,0.0,solar_orthogonal_uniq,43.0,0.952198855296797,0.9523801616639372,25975,6497
lung_atlas,core,,random_seed_44,44.0,44.0,0.0,solar_orthogonal_uniq,44.0,0.9488460754592319,0.9441022160197794,25975,6497
simulation_1,core,,random_seed_40,40.0,40.0,0.0,solar_orthogonal_uniq,40.0,0.9980679958980139,0.9964285714285713,9677,2420
simulation_1,core,,random_seed_41,41.0,41.0,0.0,solar_orthogonal_uniq,41.0,1.0,1.0,9677,2420
simulation_1,core,,random_seed_42,42.0,42.0,0.0,solar_orthogonal_uniq,42.0,1.0,1.0,9677,2420
simulation_1,core,,random_seed_43,43.0,43.0,0.0,solar_orthogonal_uniq,43.0,1.0,1.0,9677,2420
simulation_1,core,,random_seed_44,44.0,44.0,0.0,solar_orthogonal_uniq,44.0,0.9980679958980139,0.9964285714285713,9677,2420
simulation_2,core,,random_seed_40,40.0,40.0,0.0,solar_orthogonal_uniq,40.0,1.0,1.0,15455,3863
simulation_2,core,,random_seed_41,41.0,41.0,0.0,solar_orthogonal_uniq,41.0,1.0,1.0,15455,3863
simulation_2,core,,random_seed_42,42.0,42.0,0.0,solar_orthogonal_uniq,42.0,1.0,1.0,15455,3863
simulation_2,core,,random_seed_43,43.0,43.0,0.0,solar_orthogonal_uniq,43.0,1.0,1.0,15455,3863
simulation_2,core,,random_seed_44,44.0,44.0,0.0,solar_orthogonal_uniq,44.0,1.0,1.0,15455,3863
pancreas,heldout,fluidigmc1,heldout_fluidigmc1,,40.0,0.0,solar_orthogonal_uniq,40.0,0.8956169927211375,0.8681301798544184,15744,638
pancreas,heldout,fluidigmc1,heldout_fluidigmc1,,41.0,0.0,solar_orthogonal_uniq,41.0,0.8854988310296219,0.854691349972074,15744,638
pancreas,heldout,fluidigmc1,heldout_fluidigmc1,,42.0,0.0,solar_orthogonal_uniq,42.0,0.8933700081166621,0.8662986780229166,15744,638
pancreas,heldout,fluidigmc1,heldout_fluidigmc1,,43.0,0.0,solar_orthogonal_uniq,43.0,0.8906486028852139,0.8629646270825604,15744,638
pancreas,heldout,fluidigmc1,heldout_fluidigmc1,,44.0,0.0,solar_orthogonal_uniq,44.0,0.8084388199744234,0.7842029494836734,15744,638
pancreas,heldout,inDrop2,heldout_inDrop2,,40.0,0.0,solar_orthogonal_uniq,40.0,0.8383957262518945,0.884229637425122,14658,1724
pancreas,heldout,inDrop2,heldout_inDrop2,,41.0,0.0,solar_orthogonal_uniq,41.0,0.7820471952451363,0.8016691059491465,14658,1724
pancreas,heldout,inDrop2,heldout_inDrop2,,42.0,0.0,solar_orthogonal_uniq,42.0,0.8229918571650332,0.8350858553127397,14658,1724
pancreas,heldout,inDrop2,heldout_inDrop2,,43.0,0.0,solar_orthogonal_uniq,43.0,0.8267302471788428,0.8725433824520967,14658,1724
pancreas,heldout,inDrop2,heldout_inDrop2,,44.0,0.0,solar_orthogonal_uniq,44.0,0.8081787547424951,0.8219336831025894,14658,1724
pancreas,heldout,inDrop3,heldout_inDrop3,,40.0,0.0,solar_orthogonal_uniq,40.0,0.8538590339366406,0.8529314145500698,12777,3605
pancreas,heldout,inDrop3,heldout_inDrop3,,41.0,0.0,solar_orthogonal_uniq,41.0,0.851957687289134,0.8537589244569516,12777,3605
pancreas,heldout,inDrop3,heldout_inDrop3,,42.0,0.0,solar_orthogonal_uniq,42.0,0.7798648574399006,0.7788407911093745,12777,3605
pancreas,heldout,inDrop3,heldout_inDrop3,,43.0,0.0,solar_orthogonal_uniq,43.0,0.7809511517220226,0.7804889197992774,12777,3605
pancreas,heldout,inDrop3,heldout_inDrop3,,44.0,0.0,solar_orthogonal_uniq,44.0,0.8641741149075459,0.8613425324786638,12777,3605
immune_cell_human,heldout,10X,heldout_10X,,40.0,0.0,solar_orthogonal_uniq,40.0,0.8303561930848992,0.8886759462870623,22779,10727
immune_cell_human,heldout,10X,heldout_10X,,41.0,0.0,solar_orthogonal_uniq,41.0,0.8346774579469914,0.8930962741632178,22779,10727
immune_cell_human,heldout,10X,heldout_10X,,42.0,0.0,solar_orthogonal_uniq,42.0,0.8262673359234547,0.8897701981752922,22779,10727
immune_cell_human,heldout,10X,heldout_10X,,43.0,0.0,solar_orthogonal_uniq,43.0,0.8986259896625782,0.8885832222778672,22779,10727
immune_cell_human,heldout,10X,heldout_10X,,44.0,0.0,solar_orthogonal_uniq,44.0,0.8282716782373398,0.886105727268751,22779,10727
immune_cell_human,heldout,Oetjen_A,heldout_Oetjen_A,,40.0,0.0,solar_orthogonal_uniq,40.0,0.8518053653773305,0.8752025735148012,30920,2586
immune_cell_human,heldout,Oetjen_A,heldout_Oetjen_A,,41.0,0.0,solar_orthogonal_uniq,41.0,0.8521817873130904,0.8724901350847498,30920,2586
immune_cell_human,heldout,Oetjen_A,heldout_Oetjen_A,,42.0,0.0,solar_orthogonal_uniq,42.0,0.8514868401149696,0.8794798489527216,30920,2586
immune_cell_human,heldout,Oetjen_A,heldout_Oetjen_A,,43.0,0.0,solar_orthogonal_uniq,43.0,0.8540288529109851,0.8796464986265662,30920,2586
immune_cell_human,heldout,Oetjen_A,heldout_Oetjen_A,,44.0,0.0,solar_orthogonal_uniq,44.0,0.8434558764039819,0.869132473835915,30920,2586
immune_cell_human,heldout,Villani,heldout_Villani,,40.0,0.0,solar_orthogonal_uniq,40.0,0.5223045870261669,0.6187411960991023,32484,1022
immune_cell_human,heldout,Villani,heldout_Villani,,41.0,0.0,solar_orthogonal_uniq,41.0,0.5314131968538587,0.6294109983811335,32484,1022
immune_cell_human,heldout,Villani,heldout_Villani,,42.0,0.0,solar_orthogonal_uniq,42.0,0.556713262034283,0.641409082171744,32484,1022
immune_cell_human,heldout,Villani,heldout_Villani,,43.0,0.0,solar_orthogonal_uniq,43.0,0.5226541417716706,0.623744026862973,32484,1022
immune_cell_human,heldout,Villani,heldout_Villani,,44.0,0.0,solar_orthogonal_uniq,44.0,0.5197037136948116,0.6190623789228982,32484,1022
lung_atlas,heldout,3,heldout_3,,40.0,0.0,solar_orthogonal_uniq,40.0,0.726543926510241,0.8829745819152599,32010,462
lung_atlas,heldout,3,heldout_3,,41.0,0.0,solar_orthogonal_uniq,41.0,0.7593491878841813,0.9074804332068254,32010,462
lung_atlas,heldout,3,heldout_3,,42.0,0.0,solar_orthogonal_uniq,42.0,0.7482942892307379,0.8983895241159164,32010,462
lung_atlas,heldout,3,heldout_3,,43.0,0.0,solar_orthogonal_uniq,43.0,0.8229652380078479,0.9105101415936767,32010,462
lung_atlas,heldout,3,heldout_3,,44.0,0.0,solar_orthogonal_uniq,44.0,0.7218320461578142,0.8815759805166585,32010,462
lung_atlas,heldout,B1,heldout_B1,,40.0,0.0,solar_orthogonal_uniq,40.0,0.8860804335570441,0.8856747776771537,30332,2140
lung_atlas,heldout,B1,heldout_B1,,41.0,0.0,solar_orthogonal_uniq,41.0,0.8985219865533524,0.9097011405270939,30332,2140
lung_atlas,heldout,B1,heldout_B1,,42.0,0.0,solar_orthogonal_uniq,42.0,0.8339591855164664,0.9118390355366665,30332,2140
lung_atlas,heldout,B1,heldout_B1,,43.0,0.0,solar_orthogonal_uniq,43.0,0.8126564238452635,0.8947960907354221,30332,2140
lung_atlas,heldout,B1,heldout_B1,,44.0,0.0,solar_orthogonal_uniq,44.0,0.8174625690103067,0.8951814426293633,30332,2140
lung_atlas,heldout,4,heldout_4,,40.0,0.0,solar_orthogonal_uniq,40.0,0.7725137126078624,0.863104851740799,28709,3763
lung_atlas,heldout,4,heldout_4,,41.0,0.0,solar_orthogonal_uniq,41.0,0.6961641322244593,0.8556729998906607,28709,3763
lung_atlas,heldout,4,heldout_4,,42.0,0.0,solar_orthogonal_uniq,42.0,0.6195783947432077,0.7870545948335247,28709,3763
lung_atlas,heldout,4,heldout_4,,43.0,0.0,solar_orthogonal_uniq,43.0,0.726914414278756,0.8499081992585187,28709,3763
lung_atlas,heldout,4,heldout_4,,44.0,0.0,solar_orthogonal_uniq,44.0,0.745958304471687,0.85653064637741,28709,3763
simulation_1,heldout,Batch6,heldout_Batch6,,40.0,0.0,solar_orthogonal_uniq,40.0,1.0,1.0,11140,957
simulation_1,heldout,Batch6,heldout_Batch6,,41.0,0.0,solar_orthogonal_uniq,41.0,1.0,1.0,11140,957
simulation_1,heldout,Batch6,heldout_Batch6,,42.0,0.0,solar_orthogonal_uniq,42.0,1.0,1.0,11140,957
simulation_1,heldout,Batch6,heldout_Batch6,,43.0,0.0,solar_orthogonal_uniq,43.0,1.0,1.0,11140,957
simulation_1,heldout,Batch6,heldout_Batch6,,44.0,0.0,solar_orthogonal_uniq,44.0,1.0,1.0,11140,957
simulation_1,heldout,Batch3,heldout_Batch3,,40.0,0.0,solar_orthogonal_uniq,40.0,1.0,1.0,9977,2120
simulation_1,heldout,Batch3,heldout_Batch3,,41.0,0.0,solar_orthogonal_uniq,41.0,1.0,1.0,9977,2120
simulation_1,heldout,Batch3,heldout_Batch3,,42.0,0.0,solar_orthogonal_uniq,42.0,1.0,1.0,9977,2120
simulation_1,heldout,Batch3,heldout_Batch3,,43.0,0.0,solar_orthogonal_uniq,43.0,1.0,1.0,9977,2120
simulation_1,heldout,Batch3,heldout_Batch3,,44.0,0.0,solar_orthogonal_uniq,44.0,1.0,1.0,9977,2120
simulation_1,heldout,Batch1,heldout_Batch1,,40.0,0.0,solar_orthogonal_uniq,40.0,1.0,1.0,9189,2908
simulation_1,heldout,Batch1,heldout_Batch1,,41.0,0.0,solar_orthogonal_uniq,41.0,1.0,1.0,9189,2908
simulation_1,heldout,Batch1,heldout_Batch1,,42.0,0.0,solar_orthogonal_uniq,42.0,1.0,1.0,9189,2908
simulation_1,heldout,Batch1,heldout_Batch1,,43.0,0.0,solar_orthogonal_uniq,43.0,1.0,1.0,9189,2908
simulation_1,heldout,Batch1,heldout_Batch1,,44.0,0.0,solar_orthogonal_uniq,44.0,1.0,1.0,9189,2908
simulation_2,heldout,Batch3Sub4,heldout_Batch3Sub4,,40.0,0.0,solar_orthogonal_uniq,40.0,1.0,1.0,18833,485
simulation_2,heldout,Batch3Sub4,heldout_Batch3Sub4,,41.0,0.0,solar_orthogonal_uniq,41.0,1.0,1.0,18833,485
simulation_2,heldout,Batch3Sub4,heldout_Batch3Sub4,,42.0,0.0,solar_orthogonal_uniq,42.0,1.0,1.0,18833,485
simulation_2,heldout,Batch3Sub4,heldout_Batch3Sub4,,43.0,0.0,solar_orthogonal_uniq,43.0,1.0,1.0,18833,485
simulation_2,heldout,Batch3Sub4,heldout_Batch3Sub4,,44.0,0.0,solar_orthogonal_uniq,44.0,1.0,1.0,18833,485
simulation_2,heldout,Batch1Sub3,heldout_Batch1Sub3,,40.0,0.0,solar_orthogonal_uniq,40.0,1.0,1.0,18108,1210
simulation_2,heldout,Batch1Sub3,heldout_Batch1Sub3,,41.0,0.0,solar_orthogonal_uniq,41.0,1.0,1.0,18108,1210
simulation_2,heldout,Batch1Sub3,heldout_Batch1Sub3,,42.0,0.0,solar_orthogonal_uniq,42.0,1.0,1.0,18108,1210
simulation_2,heldout,Batch1Sub3,heldout_Batch1Sub3,,43.0,0.0,solar_orthogonal_uniq,43.0,1.0,1.0,18108,1210
simulation_2,heldout,Batch1Sub3,heldout_Batch1Sub3,,44.0,0.0,solar_orthogonal_uniq,44.0,1.0,1.0,18108,1210
simulation_2,heldout,Batch3Sub1,heldout_Batch3Sub1,,40.0,0.0,solar_orthogonal_uniq,40.0,1.0,1.0,17388,1930
simulation_2,heldout,Batch3Sub1,heldout_Batch3Sub1,,41.0,0.0,solar_orthogonal_uniq,41.0,1.0,1.0,17388,1930
simulation_2,heldout,Batch3Sub1,heldout_Batch3Sub1,,42.0,0.0,solar_orthogonal_uniq,42.0,1.0,1.0,17388,1930
simulation_2,heldout,Batch3Sub1,heldout_Batch3Sub1,,43.0,0.0,solar_orthogonal_uniq,43.0,1.0,1.0,17388,1930
simulation_2,heldout,Batch3Sub1,heldout_Batch3Sub1,,44.0,0.0,solar_orthogonal_uniq,44.0,1.0,1.0,17388,1930
pancreas,core,,random_seed_40,40.0,,,unintegrated_pca_matched,,0.8542595803918916,0.8376202386203092,13104,3278
pancreas,core,,random_seed_41,41.0,,,unintegrated_pca_matched,,0.8271510372875079,0.8214012785611243,13104,3278
pancreas,core,,random_seed_42,42.0,,,unintegrated_pca_matched,,0.8414202375822407,0.8337367443872891,13104,3278
pancreas,core,,random_seed_43,43.0,,,unintegrated_pca_matched,,0.854275022839683,0.8400446892859879,13104,3278
pancreas,core,,random_seed_44,44.0,,,unintegrated_pca_matched,,0.8597420680722924,0.8588844247723174,13104,3278
immune_cell_human,core,,random_seed_40,40.0,,,unintegrated_pca_matched,,0.9368400198207745,0.9273941136154842,26809,6697
immune_cell_human,core,,random_seed_41,41.0,,,unintegrated_pca_matched,,0.9282843185364651,0.9173629887194742,26809,6697
immune_cell_human,core,,random_seed_42,42.0,,,unintegrated_pca_matched,,0.9282879432323259,0.9158558682425569,26809,6697
immune_cell_human,core,,random_seed_43,43.0,,,unintegrated_pca_matched,,0.9381134197475978,0.9291658064178481,26809,6697
immune_cell_human,core,,random_seed_44,44.0,,,unintegrated_pca_matched,,0.9287776052865241,0.9178424680408339,26809,6697
lung_atlas,core,,random_seed_40,40.0,,,unintegrated_pca_matched,,0.9501764996815697,0.9442556457237354,25975,6497
lung_atlas,core,,random_seed_41,41.0,,,unintegrated_pca_matched,,0.9532614225133498,0.9468270676407393,25975,6497
lung_atlas,core,,random_seed_42,42.0,,,unintegrated_pca_matched,,0.9489515248731176,0.9463368554003282,25975,6497
lung_atlas,core,,random_seed_43,43.0,,,unintegrated_pca_matched,,0.9476786440472511,0.9437565169249936,25975,6497
lung_atlas,core,,random_seed_44,44.0,,,unintegrated_pca_matched,,0.9426312069155889,0.9344219901125184,25975,6497
simulation_1,core,,random_seed_40,40.0,,,unintegrated_pca_matched,,1.0,1.0,9677,2420
simulation_1,core,,random_seed_41,41.0,,,unintegrated_pca_matched,,1.0,1.0,9677,2420
simulation_1,core,,random_seed_42,42.0,,,unintegrated_pca_matched,,0.9980679958980139,0.9964285714285713,9677,2420
simulation_1,core,,random_seed_43,43.0,,,unintegrated_pca_matched,,1.0,1.0,9677,2420
simulation_1,core,,random_seed_44,44.0,,,unintegrated_pca_matched,,0.9980679958980139,0.9964285714285713,9677,2420
simulation_2,core,,random_seed_40,40.0,,,unintegrated_pca_matched,,1.0,1.0,15455,3863
simulation_2,core,,random_seed_41,41.0,,,unintegrated_pca_matched,,1.0,1.0,15455,3863
simulation_2,core,,random_seed_42,42.0,,,unintegrated_pca_matched,,1.0,1.0,15455,3863
simulation_2,core,,random_seed_43,43.0,,,unintegrated_pca_matched,,1.0,1.0,15455,3863
simulation_2,core,,random_seed_44,44.0,,,unintegrated_pca_matched,,1.0,1.0,15455,3863
pancreas,heldout,fluidigmc1,heldout_fluidigmc1,,,,unintegrated_pca_matched,,0.7349837434357829,0.7582227487841967,15744,638
pancreas,heldout,inDrop2,heldout_inDrop2,,,,unintegrated_pca_matched,,0.8054144409978851,0.8159541626157455,14658,1724
pancreas,heldout,inDrop3,heldout_inDrop3,,,,unintegrated_pca_matched,,0.7993432450859952,0.8477144075212747,12777,3605
immune_cell_human,heldout,10X,heldout_10X,,,,unintegrated_pca_matched,,0.8687363479500868,0.8520349628191392,22779,10727
immune_cell_human,heldout,Oetjen_A,heldout_Oetjen_A,,,,unintegrated_pca_matched,,0.8775020921816954,0.8907942353117412,30920,2586
immune_cell_human,heldout,Villani,heldout_Villani,,,,unintegrated_pca_matched,,0.46319972067944587,0.5738106510490806,32484,1022
lung_atlas,heldout,3,heldout_3,,,,unintegrated_pca_matched,,0.7529159522119073,0.8636569947405299,32010,462
lung_atlas,heldout,B1,heldout_B1,,,,unintegrated_pca_matched,,0.8398372559023447,0.8507953010154847,30332,2140
lung_atlas,heldout,4,heldout_4,,,,unintegrated_pca_matched,,0.6890293948845243,0.8563663589264704,28709,3763
simulation_1,heldout,Batch6,heldout_Batch6,,,,unintegrated_pca_matched,,1.0,1.0,11140,957
simulation_1,heldout,Batch3,heldout_Batch3,,,,unintegrated_pca_matched,,1.0,1.0,9977,2120
simulation_1,heldout,Batch1,heldout_Batch1,,,,unintegrated_pca_matched,,1.0,1.0,9189,2908
simulation_2,heldout,Batch3Sub4,heldout_Batch3Sub4,,,,unintegrated_pca_matched,,1.0,1.0,18833,485
simulation_2,heldout,Batch1Sub3,heldout_Batch1Sub3,,,,unintegrated_pca_matched,,1.0,1.0,18108,1210
simulation_2,heldout,Batch3Sub1,heldout_Batch3Sub1,,,,unintegrated_pca_matched,,0.13953365950065558,0.5038035961272476,17388,1930
pancreas,core,,random_seed_40,40.0,,,unintegrated_pca_matched_30d,,0.8310117195908696,0.8086568329147253,13104,3278
pancreas,core,,random_seed_41,41.0,,,unintegrated_pca_matched_30d,,0.8246636408935187,0.8125530814919079,13104,3278
pancreas,core,,random_seed_42,42.0,,,unintegrated_pca_matched_30d,,0.8413397813956117,0.8331746600683246,13104,3278
pancreas,core,,random_seed_43,43.0,,,unintegrated_pca_matched_30d,,0.8535692583172241,0.8451707380198885,13104,3278
pancreas,core,,random_seed_44,44.0,,,unintegrated_pca_matched_30d,,0.846385001716764,0.845365583431467,13104,3278
immune_cell_human,core,,random_seed_40,40.0,,,unintegrated_pca_matched_30d,,0.9345544781967237,0.9244940071848438,26809,6697
immune_cell_human,core,,random_seed_41,41.0,,,unintegrated_pca_matched_30d,,0.9277007866069112,0.9168584044725743,26809,6697
immune_cell_human,core,,random_seed_42,42.0,,,unintegrated_pca_matched_30d,,0.9276553844433946,0.9159454064757147,26809,6697
immune_cell_human,core,,random_seed_43,43.0,,,unintegrated_pca_matched_30d,,0.9357675951612383,0.9258570741214918,26809,6697
immune_cell_human,core,,random_seed_44,44.0,,,unintegrated_pca_matched_30d,,0.9283825608245382,0.9167501113362492,26809,6697
lung_atlas,core,,random_seed_40,40.0,,,unintegrated_pca_matched_30d,,0.9491974632252327,0.941398104146027,25975,6497
lung_atlas,core,,random_seed_41,41.0,,,unintegrated_pca_matched_30d,,0.9515614438945358,0.9452888976444946,25975,6497
lung_atlas,core,,random_seed_42,42.0,,,unintegrated_pca_matched_30d,,0.9486671075746548,0.9466188112090357,25975,6497
lung_atlas,core,,random_seed_43,43.0,,,unintegrated_pca_matched_30d,,0.9481963992405864,0.9442126950672235,25975,6497
lung_atlas,core,,random_seed_44,44.0,,,unintegrated_pca_matched_30d,,0.9411377909646101,0.9330723370748586,25975,6497
simulation_1,core,,random_seed_40,40.0,,,unintegrated_pca_matched_30d,,1.0,1.0,9677,2420
simulation_1,core,,random_seed_41,41.0,,,unintegrated_pca_matched_30d,,1.0,1.0,9677,2420
simulation_1,core,,random_seed_42,42.0,,,unintegrated_pca_matched_30d,,1.0,1.0,9677,2420
simulation_1,core,,random_seed_43,43.0,,,unintegrated_pca_matched_30d,,1.0,1.0,9677,2420
simulation_1,core,,random_seed_44,44.0,,,unintegrated_pca_matched_30d,,0.9980679958980139,0.9964285714285713,9677,2420
simulation_2,core,,random_seed_40,40.0,,,unintegrated_pca_matched_30d,,1.0,1.0,15455,3863
simulation_2,core,,random_seed_41,41.0,,,unintegrated_pca_matched_30d,,1.0,1.0,15455,3863
simulation_2,core,,random_seed_42,42.0,,,unintegrated_pca_matched_30d,,1.0,1.0,15455,3863
simulation_2,core,,random_seed_43,43.0,,,unintegrated_pca_matched_30d,,1.0,1.0,15455,3863
simulation_2,core,,random_seed_44,44.0,,,unintegrated_pca_matched_30d,,1.0,1.0,15455,3863
pancreas,heldout,fluidigmc1,heldout_fluidigmc1,,,,unintegrated_pca_matched_30d,,0.7973071611641827,0.7628425269604602,15744,638
pancreas,heldout,inDrop2,heldout_inDrop2,,,,unintegrated_pca_matched_30d,,0.7877481072881428,0.7891078191644955,14658,1724
pancreas,heldout,inDrop3,heldout_inDrop3,,,,unintegrated_pca_matched_30d,,0.7763735337320092,0.8313516061656101,12777,3605
immune_cell_human,heldout,10X,heldout_10X,,,,unintegrated_pca_matched_30d,,0.7894350583339121,0.8357636094457455,22779,10727
immune_cell_human,heldout,Oetjen_A,heldout_Oetjen_A,,,,unintegrated_pca_matched_30d,,0.8755525134353594,0.883379153918777,30920,2586
immune_cell_human,heldout,Villani,heldout_Villani,,,,unintegrated_pca_matched_30d,,0.45620342881085485,0.5695971679030132,32484,1022
lung_atlas,heldout,3,heldout_3,,,,unintegrated_pca_matched_30d,,0.7562065875604312,0.8580055033747527,32010,462
lung_atlas,heldout,B1,heldout_B1,,,,unintegrated_pca_matched_30d,,0.8375138138932733,0.8426172865867575,30332,2140
lung_atlas,heldout,4,heldout_4,,,,unintegrated_pca_matched_30d,,0.6916262216748357,0.856013210373103,28709,3763
simulation_1,heldout,Batch6,heldout_Batch6,,,,unintegrated_pca_matched_30d,,1.0,1.0,11140,957
simulation_1,heldout,Batch3,heldout_Batch3,,,,unintegrated_pca_matched_30d,,1.0,1.0,9977,2120
simulation_1,heldout,Batch1,heldout_Batch1,,,,unintegrated_pca_matched_30d,,1.0,1.0,9189,2908
simulation_2,heldout,Batch3Sub4,heldout_Batch3Sub4,,,,unintegrated_pca_matched_30d,,1.0,1.0,18833,485
simulation_2,heldout,Batch1Sub3,heldout_Batch1Sub3,,,,unintegrated_pca_matched_30d,,1.0,1.0,18108,1210
simulation_2,heldout,Batch3Sub1,heldout_Batch3Sub1,,,,unintegrated_pca_matched_30d,,0.13913532950230198,0.5034578146611342,17388,1930
pancreas,heldout,fluidigmc1,heldout_fluidigmc1,,40.0,,frozen_reference_scvi,40.0,0.8338188869003638,0.8410569531665182,15744,638
pancreas,heldout,fluidigmc1,heldout_fluidigmc1,,41.0,,frozen_reference_scvi,41.0,0.8436028240297953,0.9421442445362362,15744,638
pancreas,heldout,fluidigmc1,heldout_fluidigmc1,,42.0,,frozen_reference_scvi,42.0,0.7751447655382935,0.903701737214922,15744,638
pancreas,heldout,fluidigmc1,heldout_fluidigmc1,,43.0,,frozen_reference_scvi,43.0,0.8845355228040488,0.9072324121825436,15744,638
pancreas,heldout,fluidigmc1,heldout_fluidigmc1,,44.0,,frozen_reference_scvi,44.0,0.9110989384666172,0.9166398918456912,15744,638
pancreas,heldout,inDrop2,heldout_inDrop2,,40.0,,frozen_reference_scvi,40.0,0.848857654954746,0.8845002127920942,14658,1724
pancreas,heldout,inDrop2,heldout_inDrop2,,41.0,,frozen_reference_scvi,41.0,0.8829114965192503,0.9217466714601729,14658,1724
pancreas,heldout,inDrop2,heldout_inDrop2,,42.0,,frozen_reference_scvi,42.0,0.8553360331957826,0.8962189399039552,14658,1724
pancreas,heldout,inDrop2,heldout_inDrop2,,43.0,,frozen_reference_scvi,43.0,0.9059136629129557,0.9682212882985344,14658,1724
pancreas,heldout,inDrop2,heldout_inDrop2,,44.0,,frozen_reference_scvi,44.0,0.8222205671391576,0.879103236438767,14658,1724
pancreas,heldout,inDrop3,heldout_inDrop3,,40.0,,frozen_reference_scvi,40.0,0.9356795962034995,0.9292469746691255,12777,3605
pancreas,heldout,inDrop3,heldout_inDrop3,,41.0,,frozen_reference_scvi,41.0,0.9578636881961995,0.9510341330314045,12777,3605
pancreas,heldout,inDrop3,heldout_inDrop3,,42.0,,frozen_reference_scvi,42.0,0.9134849624528172,0.9277338778112579,12777,3605
pancreas,heldout,inDrop3,heldout_inDrop3,,43.0,,frozen_reference_scvi,43.0,0.9376347720964464,0.9510518894156885,12777,3605
pancreas,heldout,inDrop3,heldout_inDrop3,,44.0,,frozen_reference_scvi,44.0,0.7902774668620539,0.7821849386658991,12777,3605
immune_cell_human,heldout,10X,heldout_10X,,40.0,,frozen_reference_scvi,40.0,0.7456295357667216,0.8716194035714538,22779,10727
immune_cell_human,heldout,10X,heldout_10X,,41.0,,frozen_reference_scvi,41.0,0.7229302861614798,0.8487524958549528,22779,10727
immune_cell_human,heldout,10X,heldout_10X,,42.0,,frozen_reference_scvi,42.0,0.793589992698167,0.8598180893092641,22779,10727
immune_cell_human,heldout,10X,heldout_10X,,43.0,,frozen_reference_scvi,43.0,0.769039877116405,0.8454443979833056,22779,10727
immune_cell_human,heldout,10X,heldout_10X,,44.0,,frozen_reference_scvi,44.0,0.7527204689068425,0.8845891015858625,22779,10727
immune_cell_human,heldout,Oetjen_A,heldout_Oetjen_A,,40.0,,frozen_reference_scvi,40.0,0.8443566075180758,0.8814543883860768,30920,2586
immune_cell_human,heldout,Oetjen_A,heldout_Oetjen_A,,41.0,,frozen_reference_scvi,41.0,0.846679981511072,0.8813254517075417,30920,2586
immune_cell_human,heldout,Oetjen_A,heldout_Oetjen_A,,42.0,,frozen_reference_scvi,42.0,0.8460408775891809,0.8848789135763355,30920,2586
immune_cell_human,heldout,Oetjen_A,heldout_Oetjen_A,,43.0,,frozen_reference_scvi,43.0,0.8533635277298927,0.8862425381970993,30920,2586
immune_cell_human,heldout,Oetjen_A,heldout_Oetjen_A,,44.0,,frozen_reference_scvi,44.0,0.8512233879464349,0.8852670559962705,30920,2586
immune_cell_human,heldout,Villani,heldout_Villani,,40.0,,frozen_reference_scvi,40.0,0.35611066351507187,0.7689513258787382,32484,1022
immune_cell_human,heldout,Villani,heldout_Villani,,41.0,,frozen_reference_scvi,41.0,0.3765610668533844,0.8039851073287501,32484,1022
immune_cell_human,heldout,Villani,heldout_Villani,,42.0,,frozen_reference_scvi,42.0,0.4655435681478068,0.7548356129617448,32484,1022
immune_cell_human,heldout,Villani,heldout_Villani,,43.0,,frozen_reference_scvi,43.0,0.5309350503317466,0.7217250239526174,32484,1022
immune_cell_human,heldout,Villani,heldout_Villani,,44.0,,frozen_reference_scvi,44.0,0.46654882676562703,0.7594489018206413,32484,1022
lung_atlas,heldout,3,heldout_3,,40.0,,frozen_reference_scvi,40.0,0.7297552133929052,0.8368778215327852,32010,462
lung_atlas,heldout,3,heldout_3,,41.0,,frozen_reference_scvi,41.0,0.7269393772506028,0.8428759900309537,32010,462
lung_atlas,heldout,3,heldout_3,,42.0,,frozen_reference_scvi,42.0,0.6566227693576927,0.8167693585671796,32010,462
lung_atlas,heldout,3,heldout_3,,43.0,,frozen_reference_scvi,43.0,0.6125539824877216,0.8465191458169666,32010,462
lung_atlas,heldout,3,heldout_3,,44.0,,frozen_reference_scvi,44.0,0.5941676870564966,0.8299999507263429,32010,462
lung_atlas,heldout,B1,heldout_B1,,40.0,,frozen_reference_scvi,40.0,0.5575492663465135,0.821247958021011,30332,2140
lung_atlas,heldout,B1,heldout_B1,,41.0,,frozen_reference_scvi,41.0,0.5565534115264902,0.8398087486525413,30332,2140
lung_atlas,heldout,B1,heldout_B1,,42.0,,frozen_reference_scvi,42.0,0.5991883070517086,0.8423122757697723,30332,2140
lung_atlas,heldout,B1,heldout_B1,,43.0,,frozen_reference_scvi,43.0,0.589629628384377,0.8315755097427547,30332,2140
lung_atlas,heldout,B1,heldout_B1,,44.0,,frozen_reference_scvi,44.0,0.5551646679650979,0.848589800508817,30332,2140
lung_atlas,heldout,4,heldout_4,,40.0,,frozen_reference_scvi,40.0,0.4836175346239739,0.7841967464402376,28709,3763
lung_atlas,heldout,4,heldout_4,,41.0,,frozen_reference_scvi,41.0,0.4885961611795823,0.8220444728587445,28709,3763
lung_atlas,heldout,4,heldout_4,,42.0,,frozen_reference_scvi,42.0,0.5019190905418486,0.7626405639061802,28709,3763
lung_atlas,heldout,4,heldout_4,,43.0,,frozen_reference_scvi,43.0,0.5074860196164734,0.8171176479880554,28709,3763
lung_atlas,heldout,4,heldout_4,,44.0,,frozen_reference_scvi,44.0,0.49410582972409983,0.7768472168433685,28709,3763
pancreas,heldout,fluidigmc1,heldout_fluidigmc1,,40.0,,frozen_reference_scanvi,40.0,0.8948605958072373,0.9172145694304399,15744,638
pancreas,heldout,fluidigmc1,heldout_fluidigmc1,,41.0,,frozen_reference_scanvi,41.0,0.9045431799552528,0.9303430146718557,15744,638
pancreas,heldout,fluidigmc1,heldout_fluidigmc1,,42.0,,frozen_reference_scanvi,42.0,0.8637494421336218,0.9390670683959095,15744,638
pancreas,heldout,fluidigmc1,heldout_fluidigmc1,,43.0,,frozen_reference_scanvi,43.0,0.873137529415212,0.8924579100907309,15744,638
pancreas,heldout,fluidigmc1,heldout_fluidigmc1,,44.0,,frozen_reference_scanvi,44.0,0.9324276163732339,0.9254511223480767,15744,638
pancreas,heldout,inDrop2,heldout_inDrop2,,40.0,,frozen_reference_scanvi,40.0,0.8607857565874302,0.8933475141153304,14658,1724
pancreas,heldout,inDrop2,heldout_inDrop2,,41.0,,frozen_reference_scanvi,41.0,0.8941679059732488,0.9372287396879267,14658,1724
pancreas,heldout,inDrop2,heldout_inDrop2,,42.0,,frozen_reference_scanvi,42.0,0.9223513546082142,0.9792781023517706,14658,1724
pancreas,heldout,inDrop2,heldout_inDrop2,,43.0,,frozen_reference_scanvi,43.0,0.9171786810913962,0.9560105696711704,14658,1724
pancreas,heldout,inDrop2,heldout_inDrop2,,44.0,,frozen_reference_scanvi,44.0,0.9184797612045965,0.9742871642687126,14658,1724
pancreas,heldout,inDrop3,heldout_inDrop3,,40.0,,frozen_reference_scanvi,40.0,0.9633081175504244,0.9649125392265898,12777,3605
pancreas,heldout,inDrop3,heldout_inDrop3,,41.0,,frozen_reference_scanvi,41.0,0.9614984017029139,0.9569912725734817,12777,3605
pancreas,heldout,inDrop3,heldout_inDrop3,,42.0,,frozen_reference_scanvi,42.0,0.9417413861323595,0.9633496096498912,12777,3605
pancreas,heldout,inDrop3,heldout_inDrop3,,43.0,,frozen_reference_scanvi,43.0,0.9249098139485143,0.9545209927575099,12777,3605
pancreas,heldout,inDrop3,heldout_inDrop3,,44.0,,frozen_reference_scanvi,44.0,0.8106792814466296,0.815991140898693,12777,3605
immune_cell_human,heldout,10X,heldout_10X,,40.0,,frozen_reference_scanvi,40.0,0.7655895382404132,0.8952768421965794,22779,10727
immune_cell_human,heldout,10X,heldout_10X,,41.0,,frozen_reference_scanvi,41.0,0.8908788361960203,0.8811353503769367,22779,10727
immune_cell_human,heldout,10X,heldout_10X,,42.0,,frozen_reference_scanvi,42.0,0.8359827719462005,0.9021035846781099,22779,10727
immune_cell_human,heldout,10X,heldout_10X,,43.0,,frozen_reference_scanvi,43.0,0.8197250829660276,0.8835936554453783,22779,10727
immune_cell_human,heldout,10X,heldout_10X,,44.0,,frozen_reference_scanvi,44.0,0.8298716155459024,0.8942116865556805,22779,10727
immune_cell_human,heldout,Oetjen_A,heldout_Oetjen_A,,40.0,,frozen_reference_scanvi,40.0,0.8432473090045622,0.8863525033248141,30920,2586
immune_cell_human,heldout,Oetjen_A,heldout_Oetjen_A,,41.0,,frozen_reference_scanvi,41.0,0.8525472082998684,0.8919158766872937,30920,2586
immune_cell_human,heldout,Oetjen_A,heldout_Oetjen_A,,42.0,,frozen_reference_scanvi,42.0,0.8393330568392579,0.8810655763384616,30920,2586
immune_cell_human,heldout,Oetjen_A,heldout_Oetjen_A,,43.0,,frozen_reference_scanvi,43.0,0.8472768872213701,0.8931223910578665,30920,2586
immune_cell_human,heldout,Oetjen_A,heldout_Oetjen_A,,44.0,,frozen_reference_scanvi,44.0,0.8602098328434433,0.89659307002555,30920,2586
immune_cell_human,heldout,Villani,heldout_Villani,,40.0,,frozen_reference_scanvi,40.0,0.4497206387808892,0.7347317457027953,32484,1022
immune_cell_human,heldout,Villani,heldout_Villani,,41.0,,frozen_reference_scanvi,41.0,0.5467652213838087,0.7405962324560218,32484,1022
immune_cell_human,heldout,Villani,heldout_Villani,,42.0,,frozen_reference_scanvi,42.0,0.4448118563251917,0.7214559136684597,32484,1022
immune_cell_human,heldout,Villani,heldout_Villani,,43.0,,frozen_reference_scanvi,43.0,0.5446215661373073,0.7383790760747141,32484,1022
immune_cell_human,heldout,Villani,heldout_Villani,,44.0,,frozen_reference_scanvi,44.0,0.4761120348120389,0.7642479028319653,32484,1022
lung_atlas,heldout,3,heldout_3,,40.0,,frozen_reference_scanvi,40.0,0.6802251012927455,0.8380748388012311,32010,462
lung_atlas,heldout,3,heldout_3,,41.0,,frozen_reference_scanvi,41.0,0.7251973785168073,0.8800899665306445,32010,462
lung_atlas,heldout,3,heldout_3,,42.0,,frozen_reference_scanvi,42.0,0.7082105044905959,0.8675596397146034,32010,462
lung_atlas,heldout,3,heldout_3,,43.0,,frozen_reference_scanvi,43.0,0.7050472994329131,0.8756301406422473,32010,462
lung_atlas,heldout,3,heldout_3,,44.0,,frozen_reference_scanvi,44.0,0.6977795715348866,0.8605095469502249,32010,462
lung_atlas,heldout,B1,heldout_B1,,40.0,,frozen_reference_scanvi,40.0,0.6299826219095228,0.9003600047668407,30332,2140
lung_atlas,heldout,B1,heldout_B1,,41.0,,frozen_reference_scanvi,41.0,0.6225659810480729,0.8906327030871245,30332,2140
lung_atlas,heldout,B1,heldout_B1,,42.0,,frozen_reference_scanvi,42.0,0.6239581861301232,0.8868600939055803,30332,2140
lung_atlas,heldout,B1,heldout_B1,,43.0,,frozen_reference_scanvi,43.0,0.6340225546723858,0.9021910651728745,30332,2140
lung_atlas,heldout,B1,heldout_B1,,44.0,,frozen_reference_scanvi,44.0,0.6295137175604956,0.8846760728971486,30332,2140
lung_atlas,heldout,4,heldout_4,,40.0,,frozen_reference_scanvi,40.0,0.5814170289012134,0.8473026489392051,28709,3763
lung_atlas,heldout,4,heldout_4,,41.0,,frozen_reference_scanvi,41.0,0.6715092134032788,0.8651268315823236,28709,3763
lung_atlas,heldout,4,heldout_4,,42.0,,frozen_reference_scanvi,42.0,0.5836713372437529,0.8725594029229976,28709,3763
lung_atlas,heldout,4,heldout_4,,43.0,,frozen_reference_scanvi,43.0,0.5377174208183828,0.8579634540663877,28709,3763
lung_atlas,heldout,4,heldout_4,,44.0,,frozen_reference_scanvi,44.0,0.5883983263897237,0.875817821352368,28709,3763
